Data Set 1:Time(s),Data Set 1:Sound Pressure
0,0.298498541
1.00E-05,0.337271124
2.00E-05,0.36491546
3.00E-05,0.385862738
4.00E-05,0.403134167
5.00E-05,0.417636096
6.00E-05,0.426397711
7.00E-05,0.426850885
8.00E-05,0.421614081
9.00E-05,0.41255036
0.0001,0.399407953
0.00011,0.381381214
0.00012,0.357966602
0.00013,0.329164118
0.00014,0.297995001
0.00015,0.263653576
0.00016,0.226542667
0.00017,0.186460882
0.00018,0.14522095
0.00019,0.104333498
0.0002,0.064352416
0.00021,0.024320984
0.00022,-0.015307617
0.00023,-0.051512145
0.00024,-0.083537295
0.00025,-0.111886598
0.00026,-0.137214661
0.00027,-0.159219354
0.00028,-0.177699283
0.00029,-0.191294864
0.0003,-0.200811774
0.00031,-0.206954956
0.00032,-0.210580438
0.00033,-0.211537167
0.00034,-0.209271237
0.00035,-0.204185486
0.00036,-0.197941586
0.00037,-0.191043094
0.00038,-0.183439642
0.00039,-0.174526975
0.0004,-0.164959714
0.00041,-0.155442804
0.00042,-0.146681219
0.00043,-0.138977051
0.00044,-0.131826788
0.00045,-0.124324039
0.00046,-0.117778018
0.00047,-0.113195799
0.00048,-0.111030579
0.00049,-0.109973148
0.0005,-0.109167479
0.00051,-0.108714297
0.00052,-0.111433409
0.00053,-0.116418459
0.00054,-0.12175598
0.00055,-0.127345279
0.00056,-0.134092718
0.00057,-0.141796872
0.00058,-0.149349973
0.00059,-0.15498963
0.0006,-0.15851441
0.00061,-0.160830691
0.00062,-0.161434934
0.00063,-0.15876618
0.00064,-0.151867673
0.00065,-0.14094086
0.00066,-0.127546698
0.00067,-0.111987308
0.00068,-0.093960568
0.00069,-0.073667906
0.0007,-0.052368164
0.00071,-0.030917358
0.00072,-0.010473633
0.00073,0.008207703
0.00074,0.024824524
0.00075,0.037664793
0.00076,0.045922853
0.00077,0.050253294
0.00078,0.051159669
0.00079,0.048037719
0.0008,0.040283203
0.00081,0.027493287
0.00082,0.012236023
0.00083,-0.002870178
0.00084,-0.019235229
0.00085,-0.036557008
0.00086,-0.053778075
0.00087,-0.069639586
0.00088,-0.081422426
0.00089,-0.088824466
0.0009,-0.094111636
0.00091,-0.098139957
0.00092,-0.097737119
0.00093,-0.092399597
0.00094,-0.082933046
0.00095,-0.072106935
0.00096,-0.061180115
0.00097,-0.049346924
0.00098,-0.034240723
0.00099,-0.016969299
0.001,-0.00050354
0.00101,0.014048767
0.00102,0.027694702
0.00103,0.043002319
0.00104,0.059266664
0.00105,0.075279236
0.00106,0.089428708
0.00107,0.104081728
0.00108,0.118583679
0.00109,0.1352005
0.0011,0.1527237
0.00111,0.168887332
0.00112,0.184497073
0.00113,0.200509638
0.00114,0.216773987
0.00115,0.231880188
0.00116,0.245324701
0.00117,0.255848706
0.00118,0.262696832
0.00119,0.265969843
0.0012,0.265567005
0.00121,0.261488348
0.00122,0.2527771
0.00123,0.239030451
0.00124,0.220651239
0.00125,0.199401855
0.00126,0.175534055
0.00127,0.149601743
0.00128,0.12165527
0.00129,0.092852786
0.0013,0.063697815
0.00131,0.036506653
0.00132,0.012991333
0.00133,-0.007553101
0.00134,-0.025579834
0.00135,-0.040484618
0.00136,-0.049749754
0.00137,-0.052670289
0.00138,-0.050354004
0.00139,-0.044613648
0.0014,-0.035600282
0.00141,-0.022155762
0.00142,-0.00478363
0.00143,0.015055847
0.00144,0.035751343
0.00145,0.056195069
0.00146,0.075329587
0.00147,0.092601016
0.00148,0.107807919
0.00149,0.119036868
0.0015,0.126086429
0.00151,0.127294928
0.00152,0.122914121
0.00153,0.114152528
0.00154,0.100456238
0.00155,0.080667116
0.00156,0.054130554
0.00157,0.023414612
0.00158,-0.010372925
0.00159,-0.047584534
0.0016,-0.088270567
0.00161,-0.130718991
0.00162,-0.173822016
0.00163,-0.215162665
0.00164,-0.25453949
0.00165,-0.292053223
0.00166,-0.325085461
0.00167,-0.351622015
0.00168,-0.372720331
0.00169,-0.38722229
0.0017,-0.394523621
0.00171,-0.394523621
0.00172,-0.385560602
0.00173,-0.368893445
0.00174,-0.345680237
0.00175,-0.315467834
0.00176,-0.277954102
0.00177,-0.234901428
0.00178,-0.187518314
0.00179,-0.136006162
0.0018,-0.081674196
0.00181,-0.024572754
0.00182,0.032327272
0.00183,0.088371277
0.00184,0.143257141
0.00185,0.196582034
0.00186,0.24628143
0.00187,0.291549683
0.00188,0.330976874
0.00189,0.365469366
0.0019,0.394221485
0.00191,0.41758576
0.00192,0.434504688
0.00193,0.444223017
0.00194,0.446589649
0.00195,0.44140321
0.00196,0.432339489
0.00197,0.418190002
0.00198,0.397242725
0.00199,0.370555103
0.002,0.340241998
0.00201,0.30821687
0.00202,0.273573309
0.00203,0.235153198
0.00204,0.195423886
0.00205,0.156600952
0.00206,0.118684389
0.00207,0.080516055
0.00208,0.041995239
0.00209,0.005438232
0.0021,-0.028097535
0.00211,-0.058007814
0.00212,-0.085903928
0.00213,-0.112440489
0.00214,-0.136610419
0.00215,-0.157205194
0.00216,-0.173268124
0.00217,-0.185755923
0.00218,-0.195927426
0.00219,-0.204437256
0.0022,-0.208818048
0.00221,-0.209019467
0.00222,-0.205444336
0.00223,-0.199855044
0.00224,-0.192301944
0.00225,-0.182633966
0.00226,-0.170045465
0.00227,-0.155543521
0.00228,-0.141142279
0.00229,-0.12714386
0.0023,-0.113749698
0.00231,-0.101010129
0.00232,-0.089378357
0.00233,-0.080465697
0.00234,-0.075883485
0.00235,-0.075178526
0.00236,-0.077746585
0.00237,-0.083033755
0.00238,-0.091191098
0.00239,-0.103527829
0.0024,-0.118331909
0.00241,-0.135351568
0.00242,-0.152421564
0.00243,-0.167678833
0.00244,-0.180418402
0.00245,-0.191697687
0.00246,-0.201768488
0.00247,-0.208415225
0.00248,-0.209573358
0.00249,-0.203984067
0.0025,-0.193006903
0.00251,-0.180519104
0.00252,-0.165614322
0.00253,-0.146882623
0.00254,-0.124172971
0.00255,-0.098945618
0.00256,-0.073869325
0.00257,-0.051461793
0.00258,-0.031874083
0.00259,-0.013545227
0.0026,0.003172302
0.00261,0.016717529
0.00262,0.024673462
0.00263,0.02678833
0.00264,0.025982667
0.00265,0.024874877
0.00266,0.021601867
0.00267,0.014955139
0.00268,0.004431152
0.00269,-0.006697082
0.0027,-0.015005494
0.00271,-0.021601867
0.00272,-0.029154968
0.00273,-0.037010193
0.00274,-0.043908693
0.00275,-0.048390198
0.00276,-0.049296569
0.00277,-0.049145509
0.00278,-0.049447633
0.00279,-0.049296569
0.0028,-0.048843384
0.00281,-0.046476744
0.00282,-0.042750549
0.00283,-0.037664793
0.00284,-0.033787537
0.00285,-0.03031311
0.00286,-0.02628479
0.00287,-0.019889832
0.00288,-0.011380005
0.00289,-0.002416992
0.0029,0.006546021
0.00291,0.016012574
0.00292,0.028450012
0.00293,0.043103028
0.00294,0.05936737
0.00295,0.077041626
0.00296,0.096176147
0.00297,0.115310669
0.00298,0.135452271
0.00299,0.156097412
0.003,0.176339716
0.00301,0.195021063
0.00302,0.211688235
0.00303,0.22644195
0.00304,0.237973019
0.00305,0.247439578
0.00306,0.253431708
0.00307,0.25403595
0.00308,0.250611871
0.00309,0.244619757
0.0031,0.23449859
0.00311,0.219996646
0.00312,0.200711057
0.00313,0.177850336
0.00314,0.153630063
0.00315,0.129258722
0.00316,0.102973938
0.00317,0.076286316
0.00318,0.049900819
0.00319,0.025428772
0.0032,0.005236817
0.00321,-0.010926818
0.00322,-0.023515319
0.00323,-0.033283997
0.00324,-0.036909483
0.00325,-0.034341432
0.00326,-0.02729187
0.00327,-0.016667176
0.00328,-0.001812744
0.00329,0.017472839
0.0033,0.039326478
0.00331,0.060676575
0.00332,0.080566406
0.00333,0.100003049
0.00334,0.118835449
0.00335,0.134848028
0.00336,0.145321652
0.00337,0.149752811
0.00338,0.148141474
0.00339,0.14219971
0.0034,0.130567938
0.00341,0.112188719
0.00342,0.087615967
0.00343,0.057453919
0.00344,0.022004699
0.00345,-0.016415406
0.00346,-0.05684967
0.00347,-0.100003049
0.00348,-0.144818112
0.00349,-0.189381406
0.0035,-0.231124878
0.00351,-0.270552069
0.00352,-0.305598438
0.00353,-0.337019354
0.00354,-0.364009082
0.00355,-0.383848578
0.00356,-0.394523621
0.00357,-0.399055481
0.00358,-0.398149103
0.00359,-0.389840692
0.0036,-0.373576343
0.00361,-0.348852545
0.00362,-0.317884833
0.00363,-0.281982422
0.00364,-0.241950989
0.00365,-0.196380615
0.00366,-0.146580502
0.00367,-0.094161987
0.00368,-0.040283203
0.00369,0.013696289
0.0037,0.067474365
0.00371,0.11974182
0.00372,0.170196533
0.00373,0.217982486
0.00374,0.263049304
0.00375,0.303080738
0.00376,0.337673962
0.00377,0.367080688
0.00378,0.390696704
0.00379,0.408723444
0.0038,0.421412647
0.00381,0.428009033
0.00382,0.427203357
0.00383,0.420405567
0.00384,0.408924878
0.00385,0.392962635
0.00386,0.371511847
0.00387,0.344119251
0.00388,0.313352972
0.00389,0.280270398
0.0039,0.245425418
0.00391,0.207710266
0.00392,0.167729184
0.00393,0.128100589
0.00394,0.091543578
0.00395,0.055540465
0.00396,0.019537354
0.00397,-0.015609741
0.00398,-0.046829224
0.00399,-0.074070737
0.004,-0.097434998
0.00401,-0.118785098
0.00402,-0.138272092
0.00403,-0.154536441
0.00404,-0.165614322
0.00405,-0.172160342
0.00406,-0.177548215
0.00407,-0.180267334
0.00408,-0.181022644
0.00409,-0.178656012
0.0041,-0.172814935
0.00411,-0.165866092
0.00412,-0.158564761
0.00413,-0.150306702
0.00414,-0.140739441
0.00415,-0.130265802
0.00416,-0.11913757
0.00417,-0.109973148
0.00418,-0.103024289
0.00419,-0.096679688
0.0042,-0.091694638
0.00421,-0.088421628
0.00422,-0.088623047
0.00423,-0.091946408
0.00424,-0.098643497
0.00425,-0.107052609
0.00426,-0.116670229
0.00427,-0.127949521
0.00428,-0.142300412
0.00429,-0.15750733
0.0043,-0.172865301
0.00431,-0.186813354
0.00432,-0.197337344
0.00433,-0.204739377
0.00434,-0.209875494
0.00435,-0.212544248
0.00436,-0.212040707
0.00437,-0.205796808
0.00438,-0.192805484
0.00439,-0.176843256
0.0044,-0.160327151
0.00441,-0.14194794
0.00442,-0.120547488
0.00443,-0.096327208
0.00444,-0.071553037
0.00445,-0.049095154
0.00446,-0.030615235
0.00447,-0.013595581
0.00448,0.001963806
0.00449,0.014854431
0.0045,0.022206116
0.00451,0.024371337
0.00452,0.023464967
0.00453,0.020796204
0.00454,0.016767884
0.00455,0.010121155
0.00456,0.000856018
0.00457,-0.009416198
0.00458,-0.018026734
0.00459,-0.026083374
0.0046,-0.033787537
0.00461,-0.041542053
0.00462,-0.046728514
0.00463,-0.049548339
0.00464,-0.050807189
0.00465,-0.051210023
0.00466,-0.050051879
0.00467,-0.047332764
0.00468,-0.043405153
0.00469,-0.039930724
0.0047,-0.036456298
0.00471,-0.032176208
0.00472,-0.026133727
0.00473,-0.019688416
0.00474,-0.014653015
0.00475,-0.008761597
0.00476,-0.001359558
0.00477,0.007250977
0.00478,0.017271424
0.00479,0.02804718
0.0048,0.039427184
0.00481,0.053073119
0.00482,0.068733215
0.00483,0.086357117
0.00484,0.105441287
0.00485,0.12437439
0.00486,0.143106073
0.00487,0.162442014
0.00488,0.181878656
0.00489,0.199401855
0.0049,0.214306638
0.00491,0.226643369
0.00492,0.23651275
0.00493,0.241950989
0.00494,0.243310541
0.00495,0.241044611
0.00496,0.235153198
0.00497,0.225283816
0.00498,0.210580438
0.00499,0.191596985
0.005,0.170146182
0.00501,0.14773865
0.00502,0.12311554
0.00503,0.097384647
0.00504,0.071401976
0.00505,0.046929933
0.00506,0.02527771
0.00507,0.007250977
0.00508,-0.006747437
0.00509,-0.017825317
0.0051,-0.025177002
0.00511,-0.0270401
0.00512,-0.022407532
0.00513,-0.013696289
0.00514,-0.001208496
0.00515,0.013897705
0.00516,0.032427978
0.00517,0.054684449
0.00518,0.078350827
0.00519,0.099751279
0.0052,0.118533328
0.00521,0.13565369
0.00522,0.15121308
0.00523,0.162794501
0.00524,0.168132022
0.00525,0.165866092
0.00526,0.157859802
0.00527,0.145170599
0.00528,0.126741022
0.00529,0.100556947
0.0053,0.068380736
0.00531,0.031571962
0.00532,-0.009567261
0.00533,-0.053526305
0.00534,-0.098089598
0.00535,-0.14320679
0.00536,-0.189733893
0.00537,-0.23449859
0.00538,-0.276896656
0.00539,-0.313050836
0.0054,-0.343011469
0.00541,-0.369648755
0.00542,-0.392056286
0.00543,-0.406709284
0.00544,-0.411845386
0.00545,-0.408068836
0.00546,-0.398602307
0.00547,-0.384049982
0.00548,-0.36239776
0.00549,-0.331832886
0.0055,-0.294419855
0.00551,-0.252676398
0.00552,-0.209321588
0.00553,-0.162844852
0.00554,-0.111936949
0.00555,-0.05861206
0.00556,-0.004582214
0.00557,0.047886658
0.00558,0.098190308
0.00559,0.146429449
0.0056,0.193812564
0.00561,0.239030451
0.00562,0.279565424
0.00563,0.313705444
0.00564,0.342256159
0.00565,0.366577148
0.00566,0.387675464
0.00567,0.402882397
0.00568,0.40978089
0.00569,0.409579456
0.0057,0.404795825
0.00571,0.396688849
0.00572,0.38394928
0.00573,0.365821838
0.00574,0.342961133
0.00575,0.316877753
0.00576,0.28842774
0.00577,0.258164972
0.00578,0.226593018
0.00579,0.193460077
0.0058,0.158363342
0.00581,0.123417661
0.00582,0.089277647
0.00583,0.055792235
0.00584,0.022911072
0.00585,-0.008963013
0.00586,-0.039376833
0.00587,-0.067524716
0.00588,-0.093054198
0.00589,-0.115763858
0.0059,-0.136358649
0.00591,-0.1527237
0.00592,-0.165010065
0.00593,-0.173217773
0.00594,-0.178202823
0.00595,-0.178353876
0.00596,-0.174627692
0.00597,-0.168081671
0.00598,-0.158715814
0.00599,-0.145925909
0.006,-0.131272882
0.00601,-0.11586456
0.00602,-0.101815797
0.00603,-0.089227296
0.00604,-0.077091977
0.00605,-0.067222595
0.00606,-0.061834715
0.00607,-0.061784364
0.00608,-0.066165164
0.00609,-0.073869325
0.0061,-0.085047916
0.00611,-0.100657657
0.00612,-0.119842529
0.00613,-0.141242981
0.00614,-0.162492365
0.00615,-0.182785034
0.00616,-0.201365665
0.00617,-0.218133539
0.00618,-0.231426999
0.00619,-0.239785761
0.0062,-0.24200134
0.00621,-0.23847656
0.00622,-0.230268866
0.00623,-0.218284607
0.00624,-0.201264948
0.00625,-0.180116266
0.00626,-0.155895993
0.00627,-0.130366519
0.00628,-0.105642699
0.00629,-0.083738707
0.0063,-0.063496396
0.00631,-0.044815063
0.00632,-0.028198242
0.00633,-0.015811156
0.00634,-0.008963013
0.00635,-0.006445312
0.00636,-0.005891419
0.00637,-0.006394959
0.00638,-0.009013367
0.00639,-0.013545227
0.0064,-0.020292664
0.00641,-0.026234437
0.00642,-0.028701782
0.00643,-0.028852845
0.00644,-0.029608155
0.00645,-0.029658508
0.00646,-0.028651427
0.00647,-0.025126647
0.00648,-0.018882751
0.00649,-0.012890625
0.0065,-0.009214783
0.00651,-0.007603454
0.00652,-0.00604248
0.00653,-0.003826904
0.00654,-0.002819824
0.00655,-0.005589294
0.00656,-0.011631775
0.00657,-0.018782044
0.00658,-0.024421692
0.00659,-0.029104615
0.0066,-0.033636473
0.00661,-0.038269043
0.00662,-0.041390993
0.00663,-0.041038513
0.00664,-0.036003113
0.00665,-0.025630187
0.00666,-0.012538147
0.00667,0.002819824
0.00668,0.020544434
0.00669,0.042196654
0.0067,0.068128966
0.00671,0.096679688
0.00672,0.12452545
0.00673,0.15045777
0.00674,0.174124151
0.00675,0.196531683
0.00676,0.217025757
0.00677,0.234700009
0.00678,0.246835321
0.00679,0.252474964
0.0068,0.25252533
0.00681,0.249201968
0.00682,0.242303461
0.00683,0.230621338
0.00684,0.213148504
0.00685,0.191798404
0.00686,0.168685913
0.00687,0.145321652
0.00688,0.11999359
0.00689,0.094766237
0.0069,0.070948794
0.00691,0.049346924
0.00692,0.031219482
0.00693,0.016868591
0.00694,0.00629425
0.00695,-0.000956726
0.00696,-0.00352478
0.00697,-0.001208496
0.00698,0.00579071
0.00699,0.017019654
0.007,0.031169128
0.00701,0.047383118
0.00702,0.065963745
0.00703,0.085400388
0.00704,0.106750488
0.00705,0.128201291
0.00706,0.146580502
0.00707,0.161888123
0.00708,0.174678043
0.00709,0.183892816
0.0071,0.189129636
0.00711,0.188626096
0.00712,0.182382196
0.00713,0.170649722
0.00714,0.152270511
0.00715,0.129560858
0.00716,0.101564027
0.00717,0.068128966
0.00718,0.029457092
0.00719,-0.011732483
0.0072,-0.055892944
0.00721,-0.101966858
0.00722,-0.147889704
0.00723,-0.193913266
0.00724,-0.238023371
0.00725,-0.279515088
0.00726,-0.317834467
0.00727,-0.351521313
0.00728,-0.379316717
0.00729,-0.401019275
0.0073,-0.415672302
0.00731,-0.423628241
0.00732,-0.423376471
0.00733,-0.415521234
0.00734,-0.400566101
0.00735,-0.378561407
0.00736,-0.349456787
0.00737,-0.313201904
0.00738,-0.271911621
0.00739,-0.228103638
0.0074,-0.181224063
0.00741,-0.130064398
0.00742,-0.076387025
0.00743,-0.022508239
0.00744,0.030010987
0.00745,0.081372067
0.00746,0.131524652
0.00747,0.179512024
0.00748,0.223773196
0.00749,0.26335144
0.0075,0.299505621
0.00751,0.331228644
0.00752,0.357563794
0.00753,0.378208935
0.00754,0.393717945
0.00755,0.404745489
0.00756,0.411090076
0.00757,0.41129151
0.00758,0.406004339
0.00759,0.394976795
0.0076,0.379367054
0.00761,0.359980762
0.00762,0.336616516
0.00763,0.30947572
0.00764,0.27860871
0.00765,0.244367987
0.00766,0.207861334
0.00767,0.169290155
0.00768,0.129762262
0.00769,0.090737917
0.0077,0.052468874
0.00771,0.014501953
0.00772,-0.021803284
0.00773,-0.05533905
0.00774,-0.083889768
0.00775,-0.107304379
0.00776,-0.12588501
0.00777,-0.141343683
0.00778,-0.152169794
0.00779,-0.15750733
0.0078,-0.157154843
0.00781,-0.151918024
0.00782,-0.143156439
0.00783,-0.132531732
0.00784,-0.120698549
0.00785,-0.106951907
0.00786,-0.092500307
0.00787,-0.078753665
0.00788,-0.066970825
0.00789,-0.057403564
0.0079,-0.051411439
0.00791,-0.049296569
0.00792,-0.051159669
0.00793,-0.056900024
0.00794,-0.064604186
0.00795,-0.075682066
0.00796,-0.090335086
0.00797,-0.107505798
0.00798,-0.12689209
0.00799,-0.146177679
0.008,-0.162693784
0.00801,-0.177799985
0.00802,-0.192201227
0.00803,-0.205091864
0.00804,-0.214558408
0.00805,-0.219946295
0.00806,-0.220852658
0.00807,-0.219241336
0.00808,-0.215917975
0.00809,-0.208868414
0.0081,-0.198545843
0.00811,-0.186410517
0.00812,-0.173620611
0.00813,-0.159924313
0.00814,-0.145523071
0.00815,-0.13142395
0.00816,-0.117073059
0.00817,-0.104232788
0.00818,-0.092802428
0.00819,-0.081825256
0.0082,-0.071099855
0.00821,-0.06087799
0.00822,-0.050958253
0.00823,-0.042448424
0.00824,-0.035902403
0.00825,-0.0295578
0.00826,-0.022810364
0.00827,-0.015509034
0.00828,-0.009315491
0.00829,-0.00428009
0.0083,-0.00050354
0.00831,0.003675842
0.00832,0.007452392
0.00833,0.010221863
0.00834,0.011631775
0.00835,0.011883545
0.00836,0.009617615
0.00837,0.00553894
0.00838,0.000352478
0.00839,-0.004682922
0.0084,-0.010775757
0.00841,-0.018681336
0.00842,-0.027946472
0.00843,-0.036758423
0.00844,-0.043455504
0.00845,-0.048793029
0.00846,-0.053727724
0.00847,-0.058058165
0.00848,-0.059065245
0.00849,-0.05634613
0.0085,-0.050051879
0.00851,-0.040534973
0.00852,-0.028953552
0.00853,-0.015307617
0.00854,0.001611328
0.00855,0.022206116
0.00856,0.044462584
0.00857,0.067323305
0.00858,0.089328006
0.00859,0.111735538
0.0086,0.135502622
0.00861,0.158715814
0.00862,0.178706363
0.00863,0.194718927
0.00864,0.208566278
0.00865,0.219845578
0.00866,0.226492316
0.00867,0.228556827
0.00868,0.226995856
0.00869,0.221708685
0.0087,0.212745667
0.00871,0.199452206
0.00872,0.182583615
0.00873,0.165614322
0.00874,0.148393244
0.00875,0.12865448
0.00876,0.106750488
0.00877,0.085954286
0.00878,0.068531796
0.00879,0.054130554
0.0088,0.041491698
0.00881,0.030162048
0.00882,0.021148682
0.00883,0.017573547
0.00884,0.019285584
0.00885,0.024572754
0.00886,0.032629393
0.00887,0.043455504
0.00888,0.057705689
0.00889,0.075178526
0.0089,0.094665527
0.00891,0.114958189
0.00892,0.134999081
0.00893,0.154183954
0.00894,0.171556085
0.00895,0.185906976
0.00896,0.196582034
0.00897,0.202926636
0.00898,0.204588324
0.00899,0.199754328
0.009,0.188827515
0.00901,0.172361761
0.00902,0.149299622
0.00903,0.12024536
0.00904,0.086457826
0.00905,0.047131348
0.00906,0.003575134
0.00907,-0.042851258
0.00908,-0.091744997
0.00909,-0.14219971
0.0091,-0.192301944
0.00911,-0.240087897
0.00912,-0.285607904
0.00913,-0.326646417
0.00914,-0.362548828
0.00915,-0.39225769
0.00916,-0.414866626
0.00917,-0.429519653
0.00918,-0.43636781
0.00919,-0.43510896
0.0092,-0.426347345
0.00921,-0.40978089
0.00922,-0.385913074
0.00923,-0.356153876
0.00924,-0.320805371
0.00925,-0.28011933
0.00926,-0.235354617
0.00927,-0.187971503
0.00928,-0.138372809
0.00929,-0.088774107
0.0093,-0.038470458
0.00931,0.012840271
0.00932,0.062892154
0.00933,0.110275269
0.00934,0.154637143
0.00935,0.195524603
0.00936,0.23500213
0.00937,0.272314459
0.00938,0.304238886
0.00939,0.33052367
0.0094,0.352276623
0.00941,0.370252997
0.00942,0.385812372
0.00943,0.396588147
0.00944,0.401824951
0.00945,0.400515735
0.00946,0.394171149
0.00947,0.384603888
0.00948,0.370857239
0.00949,0.351219177
0.0095,0.325337231
0.00951,0.294168085
0.00952,0.260632336
0.00953,0.224729925
0.00954,0.185755923
0.00955,0.143811032
0.00956,0.100708008
0.00957,0.058511354
0.00958,0.018782044
0.00959,-0.019084167
0.0096,-0.053929139
0.00961,-0.084896848
0.00962,-0.109922789
0.00963,-0.128503412
0.00964,-0.140286252
0.00965,-0.146429449
0.00966,-0.147889704
0.00967,-0.144314572
0.00968,-0.135150149
0.00969,-0.121604919
0.0097,-0.105340578
0.00971,-0.088320926
0.00972,-0.072207645
0.00973,-0.056799315
0.00974,-0.042398073
0.00975,-0.030111695
0.00976,-0.022155762
0.00977,-0.018983459
0.00978,-0.021199036
0.00979,-0.026889037
0.0098,-0.037261963
0.00981,-0.050505064
0.00982,-0.067474365
0.00983,-0.086759947
0.00984,-0.107656859
0.00985,-0.128755182
0.00986,-0.149148554
0.00987,-0.168736264
0.00988,-0.186410517
0.00989,-0.201214597
0.0099,-0.211335748
0.00991,-0.219493106
0.00992,-0.225233465
0.00993,-0.227348328
0.00994,-0.225585938
0.00995,-0.220399469
0.00996,-0.213047788
0.00997,-0.205545038
0.00998,-0.197438046
0.00999,-0.186360165
0.01,-0.174124151
0.01001,-0.161586002
0.01002,-0.149148554
0.01003,-0.137768552
0.01004,-0.126741022
0.01005,-0.114152528
0.01006,-0.101261899
0.01007,-0.089025877
0.01008,-0.077192686
0.01009,-0.066618346
0.0101,-0.05533905
0.01011,-0.042951964
0.01012,-0.03081665
0.01013,-0.020594787
0.01014,-0.012638855
0.01015,-0.004129028
0.01016,0.005690002
0.01017,0.014149475
0.01018,0.019789124
0.01019,0.022508239
0.0102,0.02427063
0.01021,0.026737977
0.01022,0.02779541
0.01023,0.025328064
0.01024,0.019537354
0.01025,0.013142395
0.01026,0.007250977
0.01027,0.00025177
0.01028,-0.008056641
0.01029,-0.016516114
0.0103,-0.02552948
0.01031,-0.034240723
0.01032,-0.041139223
0.01033,-0.046224974
0.01034,-0.050454713
0.01035,-0.052569579
0.01036,-0.052368164
0.01037,-0.049598694
0.01038,-0.043254089
0.01039,-0.034039307
0.0104,-0.022256469
0.01041,-0.006697082
0.01042,0.011933899
0.01043,0.032730103
0.01044,0.055439759
0.01045,0.079055786
0.01046,0.103527829
0.01047,0.128251642
0.01048,0.152069092
0.01049,0.173771665
0.0105,0.192855835
0.01051,0.207861334
0.01052,0.218435675
0.01053,0.225485235
0.01054,0.22845611
0.01055,0.22644195
0.01056,0.218737796
0.01057,0.206451416
0.01058,0.191244513
0.01059,0.174124151
0.0106,0.153630063
0.01061,0.130819708
0.01062,0.107052609
0.01063,0.084594727
0.01064,0.065661624
0.01065,0.048490904
0.01066,0.033233643
0.01067,0.020745849
0.01068,0.013696289
0.01069,0.012840271
0.0107,0.016868591
0.01071,0.024421692
0.01072,0.034391783
0.01073,0.047886658
0.01074,0.066114806
0.01075,0.087615967
0.01076,0.109469607
0.01077,0.130265802
0.01078,0.149803162
0.01079,0.169088751
0.0108,0.188273624
0.01081,0.204840094
0.01082,0.216018677
0.01083,0.221708685
0.01084,0.223269656
0.01085,0.221003726
0.01086,0.214407355
0.01087,0.202221677
0.01088,0.184144586
0.01089,0.159722894
0.0109,0.130366519
0.01091,0.096830748
0.01092,0.060676575
0.01093,0.020896912
0.01094,-0.023364257
0.01095,-0.070445254
0.01096,-0.118583679
0.01097,-0.165614322
0.01098,-0.210580438
0.01099,-0.25579834
0.011,-0.299153149
0.01101,-0.337522894
0.01102,-0.369850159
0.01103,-0.396638483
0.01104,-0.418290704
0.01105,-0.432994068
0.01106,-0.439036548
0.01107,-0.436468512
0.01108,-0.425944507
0.01109,-0.40827027
0.0111,-0.38420105
0.01111,-0.352830499
0.01112,-0.31451112
0.01113,-0.271307379
0.01114,-0.224377438
0.01115,-0.175332636
0.01116,-0.12427368
0.01117,-0.072006226
0.01118,-0.020292664
0.01119,0.0295578
0.0112,0.078451537
0.01121,0.124978639
0.01122,0.168988034
0.01123,0.208818048
0.01124,0.244720459
0.01125,0.277098089
0.01126,0.305397034
0.01127,0.330171198
0.01128,0.351017773
0.01129,0.366375744
0.0113,0.377252191
0.01131,0.38420105
0.01132,0.386668384
0.01133,0.38596344
0.01134,0.379820257
0.01135,0.366728216
0.01136,0.348852545
0.01137,0.327351391
0.01138,0.302879333
0.01139,0.273976147
0.0114,0.239282221
0.01141,0.201113895
0.01142,0.162391663
0.01143,0.123719789
0.01144,0.084141538
0.01145,0.044764709
0.01146,0.006495667
0.01147,-0.02880249
0.01148,-0.05836029
0.01149,-0.082328796
0.0115,-0.102319337
0.01151,-0.117425539
0.01152,-0.126690671
0.01153,-0.128855899
0.01154,-0.12427368
0.01155,-0.11672058
0.01156,-0.107405089
0.01157,-0.096025087
0.01158,-0.082127377
0.01159,-0.067071535
0.0116,-0.052922059
0.01161,-0.041995239
0.01162,-0.035298157
0.01163,-0.031571962
0.01164,-0.03031311
0.01165,-0.032226563
0.01166,-0.038873293
0.01167,-0.050605774
0.01168,-0.065963745
0.01169,-0.082781985
0.0117,-0.100204468
0.01171,-0.118281558
0.01172,-0.136207581
0.01173,-0.15473786
0.01174,-0.172109991
0.01175,-0.186611935
0.01176,-0.197840884
0.01177,-0.206904605
0.01178,-0.213249207
0.01179,-0.217982486
0.0118,-0.220198065
0.01181,-0.218838498
0.01182,-0.214659125
0.01183,-0.209825128
0.01184,-0.203933716
0.01185,-0.197740167
0.01186,-0.190086365
0.01187,-0.180972293
0.01188,-0.172261044
0.01189,-0.164254755
0.0119,-0.15574494
0.01191,-0.145623773
0.01192,-0.13469696
0.01193,-0.12361908
0.01194,-0.112994388
0.01195,-0.102218628
0.01196,-0.090536498
0.01197,-0.076940916
0.01198,-0.062841795
0.01199,-0.050202943
0.012,-0.038269043
0.01201,-0.026335144
0.01202,-0.014048767
0.01203,-0.003121948
0.01204,0.006143189
0.01205,0.013142395
0.01206,0.018580627
0.01207,0.022508239
0.01208,0.023263549
0.01209,0.021047974
0.0121,0.017070007
0.01211,0.011833191
0.01212,0.005387879
0.01213,-0.00327301
0.01214,-0.014250183
0.01215,-0.02527771
0.01216,-0.035700988
0.01217,-0.044613648
0.01218,-0.053324889
0.01219,-0.061431885
0.0122,-0.067776486
0.01221,-0.071653746
0.01222,-0.072157286
0.01223,-0.068783566
0.01224,-0.06223755
0.01225,-0.052670289
0.01226,-0.040837098
0.01227,-0.025982667
0.01228,-0.008358764
0.01229,0.012890625
0.0123,0.036053468
0.01231,0.058914185
0.01232,0.081170656
0.01233,0.103578188
0.01234,0.125733942
0.01235,0.146530151
0.01236,0.165412903
0.01237,0.180216983
0.01238,0.190740973
0.01239,0.198344424
0.0124,0.203077704
0.01241,0.204638675
0.01242,0.200711057
0.01243,0.192503363
0.01244,0.180821225
0.01245,0.167427063
0.01246,0.15196839
0.01247,0.13394165
0.01248,0.113648988
0.01249,0.093557738
0.0125,0.075480655
0.01251,0.059065245
0.01252,0.043959044
0.01253,0.030715942
0.01254,0.020896912
0.01255,0.015509034
0.01256,0.015156555
0.01257,0.018782044
0.01258,0.025126647
0.01259,0.034895323
0.0126,0.049145509
0.01261,0.066719055
0.01262,0.087263487
0.01263,0.109771729
0.01264,0.13217926
0.01265,0.153881833
0.01266,0.176490784
0.01267,0.197639465
0.01268,0.216622919
0.01269,0.232383728
0.0127,0.24275665
0.01271,0.249000549
0.01272,0.250511169
0.01273,0.246432498
0.01274,0.235203549
0.01275,0.217378229
0.01276,0.193661496
0.01277,0.164456174
0.01278,0.12840271
0.01279,0.086911008
0.0128,0.041642763
0.01281,-0.007553101
0.01282,-0.059719849
0.01283,-0.113195799
0.01284,-0.166319281
0.01285,-0.218536377
0.01286,-0.268135071
0.01287,-0.315417469
0.01288,-0.357312024
0.01289,-0.39074707
0.0129,-0.416528314
0.01291,-0.43586427
0.01292,-0.448049933
0.01293,-0.451977551
0.01294,-0.446237177
0.01295,-0.430929571
0.01296,-0.40927735
0.01297,-0.383294672
0.01298,-0.352427661
0.01299,-0.315618902
0.013,-0.272969067
0.01301,-0.228506476
0.01302,-0.184144586
0.01303,-0.139883429
0.01304,-0.094161987
0.01305,-0.047735594
0.01306,-0.002215576
0.01307,0.040333558
0.01308,0.080516055
0.01309,0.120346069
0.0131,0.161233515
0.01311,0.200106815
0.01312,0.235153198
0.01313,0.266624451
0.01314,0.297138989
0.01315,0.326445013
0.01316,0.352528393
0.01317,0.373324573
0.01318,0.38772583
0.01319,0.396336377
0.0132,0.400112927
0.01321,0.398551941
0.01322,0.389941394
0.01323,0.372770697
0.01324,0.347593695
0.01325,0.31602174
0.01326,0.279263318
0.01327,0.239181519
0.01328,0.196733087
0.01329,0.150608823
0.0133,0.103477478
0.01331,0.058209229
0.01332,0.017724609
0.01333,-0.017623901
0.01334,-0.047836304
0.01335,-0.073013306
0.01336,-0.092852786
0.01337,-0.104837038
0.01338,-0.108210757
0.01339,-0.105239868
0.0134,-0.098291017
0.01341,-0.088270567
0.01342,-0.074775696
0.01343,-0.057655334
0.01344,-0.038973998
0.01345,-0.022508239
0.01346,-0.009819031
0.01347,-0.000402832
0.01348,0.006747437
0.01349,0.010322571
0.0135,0.008761597
0.01351,0.001359558
0.01352,-0.009768677
0.01353,-0.022457886
0.01354,-0.037513733
0.01355,-0.054885864
0.01356,-0.074523926
0.01357,-0.094413757
0.01358,-0.112490848
0.01359,-0.12890625
0.0136,-0.144163519
0.01361,-0.158615112
0.01362,-0.171203613
0.01363,-0.180670172
0.01364,-0.188978583
0.01365,-0.196430966
0.01366,-0.202775568
0.01367,-0.207106024
0.01368,-0.209170535
0.01369,-0.210932925
0.0137,-0.213249207
0.01371,-0.214407355
0.01372,-0.213652045
0.01373,-0.211033627
0.01374,-0.207458496
0.01375,-0.203933716
0.01376,-0.199401855
0.01377,-0.192906186
0.01378,-0.184295654
0.01379,-0.173368841
0.0138,-0.161938474
0.01381,-0.149148554
0.01382,-0.13444519
0.01383,-0.117576599
0.01384,-0.100204468
0.01385,-0.082379147
0.01386,-0.064352416
0.01387,-0.046174623
0.01388,-0.028752137
0.01389,-0.012940979
0.0139,0.001057434
0.01391,0.013948059
0.01392,0.025730897
0.01393,0.033384703
0.01394,0.037866212
0.01395,0.040333558
0.01396,0.040484618
0.01397,0.037614442
0.01398,0.032881163
0.01399,0.025227357
0.014,0.015811156
0.01401,0.00478363
0.01402,-0.006646729
0.01403,-0.018630981
0.01404,-0.030867005
0.01405,-0.043405153
0.01406,-0.054785155
0.01407,-0.064503476
0.01408,-0.070948794
0.01409,-0.074876405
0.0141,-0.076940916
0.01411,-0.075682066
0.01412,-0.069136046
0.01413,-0.058914185
0.01414,-0.045671083
0.01415,-0.029658508
0.01416,-0.011077881
0.01417,0.011128235
0.01418,0.035751343
0.01419,0.06138153
0.0142,0.085551456
0.01421,0.108462527
0.01422,0.130467221
0.01423,0.151062012
0.01424,0.168786615
0.01425,0.182130426
0.01426,0.190589905
0.01427,0.194819644
0.01428,0.195927426
0.01429,0.192604065
0.0143,0.184748843
0.01431,0.172311395
0.01432,0.157557681
0.01433,0.141394049
0.01434,0.123065189
0.01435,0.101966858
0.01436,0.080717467
0.01437,0.06223755
0.01438,0.046174623
0.01439,0.032075502
0.0144,0.020191956
0.01441,0.012034607
0.01442,0.008963013
0.01443,0.011732483
0.01444,0.019335937
0.01445,0.030715942
0.01446,0.044412233
0.01447,0.06173401
0.01448,0.082429506
0.01449,0.106095888
0.0145,0.130769342
0.01451,0.154687494
0.01452,0.177346796
0.01453,0.199351504
0.01454,0.220198065
0.01455,0.238526911
0.01456,0.25177002
0.01457,0.259020984
0.01458,0.261538684
0.01459,0.259776294
0.0146,0.252726734
0.01461,0.239282221
0.01462,0.217781067
0.01463,0.189280704
0.01464,0.15624848
0.01465,0.12014465
0.01466,0.079508975
0.01467,0.033334352
0.01468,-0.016616821
0.01469,-0.066819765
0.0147,-0.116065979
0.01471,-0.163298041
0.01472,-0.209674075
0.01473,-0.25353241
0.01474,-0.294268787
0.01475,-0.329214483
0.01476,-0.357765198
0.01477,-0.380474865
0.01478,-0.398249805
0.01479,-0.41003266
0.0148,-0.41531983
0.01481,-0.413456738
0.01482,-0.405400097
0.01483,-0.392308056
0.01484,-0.373576343
0.01485,-0.350967407
0.01486,-0.324380487
0.01487,-0.293161005
0.01488,-0.25806427
0.01489,-0.221507266
0.0149,-0.182633966
0.01491,-0.141142279
0.01492,-0.097787477
0.01493,-0.052267455
0.01494,-0.006193542
0.01495,0.039628603
0.01496,0.087213136
0.01497,0.135049433
0.01498,0.180317685
0.01499,0.223219305
0.015,0.263502508
0.01501,0.300714105
0.01502,0.334149182
0.01503,0.361340344
0.01504,0.38117981
0.01505,0.393919379
0.01506,0.400918573
0.01507,0.400415033
0.01508,0.39200592
0.01509,0.375238031
0.0151,0.351118475
0.01511,0.322215259
0.01512,0.289837658
0.01513,0.252374262
0.01514,0.210832208
0.01515,0.167829901
0.01516,0.125935361
0.01517,0.087364197
0.01518,0.051260374
0.01519,0.018077087
0.0152,-0.012437439
0.01521,-0.036154173
0.01522,-0.052267455
0.01523,-0.061029054
0.01524,-0.065913394
0.01525,-0.067373656
0.01526,-0.065107726
0.01527,-0.057504274
0.01528,-0.046224974
0.01529,-0.033283997
0.0153,-0.022105407
0.01531,-0.012689209
0.01532,-0.002870178
0.01533,0.005891419
0.01534,0.011682129
0.01535,0.014653015
0.01536,0.013897705
0.01537,0.009768677
0.01538,0.00377655
0.01539,-0.004682922
0.0154,-0.016465759
0.01541,-0.029910278
0.01542,-0.044361878
0.01543,-0.059971619
0.01544,-0.076135255
0.01545,-0.092752077
0.01546,-0.108311459
0.01547,-0.122561648
0.01548,-0.136409
0.01549,-0.14945069
0.0155,-0.160729975
0.01551,-0.170549005
0.01552,-0.179512024
0.01553,-0.188626096
0.01554,-0.197689816
0.01555,-0.203883365
0.01556,-0.208163455
0.01557,-0.212947085
0.01558,-0.218637079
0.01559,-0.224176019
0.0156,-0.226844788
0.01561,-0.226290897
0.01562,-0.224024966
0.01563,-0.222615048
0.01564,-0.220550537
0.01565,-0.215766907
0.01566,-0.206401065
0.01567,-0.194114685
0.01568,-0.179763794
0.01569,-0.164405823
0.0157,-0.147285461
0.01571,-0.126741022
0.01572,-0.103276059
0.01573,-0.079156496
0.01574,-0.05634613
0.01575,-0.034391783
0.01576,-0.012084961
0.01577,0.009567261
0.01578,0.028903197
0.01579,0.042851258
0.0158,0.052871704
0.01581,0.059820555
0.01582,0.064151004
0.01583,0.063294984
0.01584,0.057907104
0.01585,0.048289489
0.01586,0.036405943
0.01587,0.022659302
0.01588,0.007200622
0.01589,-0.009013367
0.0159,-0.025177002
0.01591,-0.041491698
0.01592,-0.056497194
0.01593,-0.068028256
0.01594,-0.075933836
0.01595,-0.080465697
0.01596,-0.082177736
0.01597,-0.080918886
0.01598,-0.075027466
0.01599,-0.063848875
0.016,-0.048944093
0.01601,-0.031622313
0.01602,-0.012084961
0.01603,0.009567261
0.01604,0.032478333
0.01605,0.05533905
0.01606,0.078955077
0.01607,0.101966858
0.01608,0.121705629
0.01609,0.138221741
0.0161,0.152774051
0.01611,0.164909363
0.01612,0.173419192
0.01613,0.178152472
0.01614,0.178857416
0.01615,0.176440433
0.01616,0.171052545
0.01617,0.162139893
0.01618,0.150407404
0.01619,0.13766785
0.0162,0.124172971
0.01621,0.107908629
0.01622,0.089529417
0.01623,0.072207645
0.01624,0.057554625
0.01625,0.045771789
0.01626,0.034693908
0.01627,0.025680542
0.01628,0.020594787
0.01629,0.020292664
0.0163,0.025177002
0.01631,0.033636473
0.01632,0.044462584
0.01633,0.058007814
0.01634,0.076185606
0.01635,0.098995969
0.01636,0.12437439
0.01637,0.149400324
0.01638,0.173066705
0.01639,0.196279913
0.0164,0.220147699
0.01641,0.243562311
0.01642,0.262696832
0.01643,0.274681091
0.01644,0.280824274
0.01645,0.282939136
0.01646,0.281277478
0.01647,0.273271173
0.01648,0.256452948
0.01649,0.231578067
0.0165,0.201113895
0.01651,0.167628482
0.01652,0.130870059
0.01653,0.088723756
0.01654,0.041542053
0.01655,-0.008157348
0.01656,-0.057000734
0.01657,-0.103477478
0.01658,-0.147940069
0.01659,-0.193057254
0.0166,-0.237167358
0.01661,-0.276795954
0.01662,-0.310079962
0.01663,-0.337724298
0.01664,-0.361592114
0.01665,-0.382035822
0.01666,-0.397444159
0.01667,-0.405651867
0.01668,-0.406961054
0.01669,-0.403788745
0.0167,-0.396084607
0.01671,-0.38369751
0.01672,-0.366375744
0.01673,-0.343766779
0.01674,-0.31576997
0.01675,-0.28389588
0.01676,-0.248849481
0.01677,-0.210278317
0.01678,-0.167427063
0.01679,-0.120346069
0.0168,-0.070394896
0.01681,-0.019184876
0.01682,0.031269837
0.01683,0.081523135
0.01684,0.132330328
0.01685,0.182130426
0.01686,0.228002936
0.01687,0.267984003
0.01688,0.302577198
0.01689,0.332185358
0.0169,0.356455982
0.01691,0.373677075
0.01692,0.38218689
0.01693,0.382489026
0.01694,0.375892639
0.01695,0.364462286
0.01696,0.346989453
0.01697,0.322769165
0.01698,0.294017017
0.01699,0.263250738
0.017,0.231326297
0.01701,0.198545843
0.01702,0.164456174
0.01703,0.12966156
0.01704,0.098139957
0.01705,0.071955875
0.01706,0.048692323
0.01707,0.026385497
0.01708,0.006344604
0.01709,-0.008963013
0.0171,-0.017321777
0.01711,-0.021249389
0.01712,-0.023666382
0.01713,-0.025831604
0.01714,-0.025881957
0.01715,-0.023062134
0.01716,-0.016616821
0.01717,-0.009667968
0.01718,-0.005438232
0.01719,-0.002467346
0.0172,0.000856018
0.01721,0.004632568
0.01722,0.008056641
0.01723,0.008912658
0.01724,0.005690002
0.01725,0.001611328
0.01726,-0.002618408
0.01727,-0.008509827
0.01728,-0.017674256
0.01729,-0.02930603
0.0173,-0.041894533
0.01731,-0.054432679
0.01732,-0.067625426
0.01733,-0.083537295
0.01734,-0.100657657
0.01735,-0.117526248
0.01736,-0.133035272
0.01737,-0.148141474
0.01738,-0.163499445
0.01739,-0.178051755
0.0174,-0.192050174
0.01741,-0.205393985
0.01742,-0.216622919
0.01743,-0.225485235
0.01744,-0.23198089
0.01745,-0.236613467
0.01746,-0.24099426
0.01747,-0.244065851
0.01748,-0.24351196
0.01749,-0.239131168
0.0175,-0.232585147
0.01751,-0.225485235
0.01752,-0.217327878
0.01753,-0.205897525
0.01754,-0.190841675
0.01755,-0.173519894
0.01756,-0.155191034
0.01757,-0.13666077
0.01758,-0.11722412
0.01759,-0.095571898
0.0176,-0.073516846
0.01761,-0.052871704
0.01762,-0.034039307
0.01763,-0.015962219
0.01764,0.002114868
0.01765,0.018379211
0.01766,0.030162048
0.01767,0.037866212
0.01768,0.042347718
0.01769,0.045771789
0.0177,0.047735594
0.01771,0.045671083
0.01772,0.037110902
0.01773,0.02578125
0.01774,0.014451599
0.01775,0.004380798
0.01776,-0.007804871
0.01777,-0.021853637
0.01778,-0.036959838
0.01779,-0.050051879
0.0178,-0.060475159
0.01781,-0.067726135
0.01782,-0.072560117
0.01783,-0.075279236
0.01784,-0.075480655
0.01785,-0.071653746
0.01786,-0.062841795
0.01787,-0.049649049
0.01788,-0.034291077
0.01789,-0.018077087
0.0179,0.000956726
0.01791,0.023616027
0.01792,0.046829224
0.01793,0.069035336
0.01794,0.089881897
0.01795,0.109419249
0.01796,0.12865448
0.01797,0.145674139
0.01798,0.158615112
0.01799,0.167024225
0.018,0.170851141
0.01801,0.171203613
0.01802,0.169290155
0.01803,0.163801581
0.01804,0.15373078
0.01805,0.139329523
0.01806,0.12215881
0.01807,0.104837038
0.01808,0.088119507
0.01809,0.071603395
0.0181,0.052972414
0.01811,0.034844972
0.01812,0.020141602
0.01813,0.010372925
0.01814,0.00528717
0.01815,0.004330444
0.01816,0.00553894
0.01817,0.011430359
0.01818,0.023716737
0.01819,0.041088868
0.0182,0.062287904
0.01821,0.086054996
0.01822,0.112289429
0.01823,0.140588373
0.01824,0.169743344
0.01825,0.199301153
0.01826,0.22694549
0.01827,0.251870722
0.01828,0.273724377
0.01829,0.292103589
0.0183,0.305044562
0.01831,0.311137378
0.01832,0.309626758
0.01833,0.302577198
0.01834,0.290895075
0.01835,0.272566229
0.01836,0.246231079
0.01837,0.213249207
0.01838,0.175836176
0.01839,0.13590546
0.0184,0.093406677
0.01841,0.048440553
0.01842,0.001611328
0.01843,-0.045570374
0.01844,-0.091593936
0.01845,-0.135855108
0.01846,-0.177346796
0.01847,-0.215666205
0.01848,-0.250611871
0.01849,-0.283442676
0.0185,-0.312547296
0.01851,-0.337271124
0.01852,-0.356707752
0.01853,-0.371965021
0.01854,-0.383496106
0.01855,-0.391351312
0.01856,-0.394422919
0.01857,-0.392710865
0.01858,-0.385359198
0.01859,-0.373878479
0.0186,-0.357513428
0.01861,-0.335911572
0.01862,-0.309022516
0.01863,-0.276393116
0.01864,-0.238778681
0.01865,-0.197941586
0.01866,-0.15297547
0.01867,-0.103024289
0.01868,-0.049497984
0.01869,0.005690002
0.0187,0.058662415
0.01871,0.109973148
0.01872,0.160729975
0.01873,0.210026547
0.01874,0.25479126
0.01875,0.292707831
0.01876,0.323172003
0.01877,0.346536249
0.01878,0.362951666
0.01879,0.372619629
0.0188,0.374734491
0.01881,0.368490607
0.01882,0.354743958
0.01883,0.335005194
0.01884,0.31148988
0.01885,0.28439942
0.01886,0.25453949
0.01887,0.221658319
0.01888,0.188323975
0.01889,0.156550601
0.0189,0.127043158
0.01891,0.099046327
0.01892,0.073214725
0.01893,0.050958253
0.01894,0.034039307
0.01895,0.022004699
0.01896,0.013041687
0.01897,0.006848144
0.01898,0.003575134
0.01899,0.003977966
0.019,0.008258057
0.01901,0.014350891
0.01902,0.019839477
0.01903,0.023817444
0.01904,0.02829895
0.01905,0.033938598
0.01906,0.038671874
0.01907,0.041592408
0.01908,0.042045593
0.01909,0.039678954
0.0191,0.035348512
0.01911,0.0295578
0.01912,0.021400452
0.01913,0.012236023
0.01914,0.001913452
0.01915,-0.010926818
0.01916,-0.02603302
0.01917,-0.041743468
0.01918,-0.056547545
0.01919,-0.070344545
0.0192,-0.085047916
0.01921,-0.100909427
0.01922,-0.11747589
0.01923,-0.132279962
0.01924,-0.146026611
0.01925,-0.159169003
0.01926,-0.171858221
0.01927,-0.184295654
0.01928,-0.197085574
0.01929,-0.208566278
0.0193,-0.219090268
0.01931,-0.228355408
0.01932,-0.236059576
0.01933,-0.24326019
0.01934,-0.249101251
0.01935,-0.253179938
0.01936,-0.255596936
0.01937,-0.25453949
0.01938,-0.24980621
0.01939,-0.242857367
0.0194,-0.232786566
0.01941,-0.219241336
0.01942,-0.202674866
0.01943,-0.183338925
0.01944,-0.160478204
0.01945,-0.135250852
0.01946,-0.109117128
0.01947,-0.081120297
0.01948,-0.052871704
0.01949,-0.026385497
0.0195,-0.00201416
0.01951,0.019688416
0.01952,0.039678954
0.01953,0.057051085
0.01954,0.069689944
0.01955,0.075379945
0.01956,0.075682066
0.01957,0.072811887
0.01958,0.067977905
0.01959,0.058964539
0.0196,0.044815063
0.01961,0.027191162
0.01962,0.008963013
0.01963,-0.007905578
0.01964,-0.024069214
0.01965,-0.040232848
0.01966,-0.055389404
0.01967,-0.068229675
0.01968,-0.076991275
0.01969,-0.081925966
0.0197,-0.082479857
0.01971,-0.079257205
0.01972,-0.072308347
0.01973,-0.062187195
0.01974,-0.048742674
0.01975,-0.032679748
0.01976,-0.014753724
0.01977,0.005236817
0.01978,0.025881957
0.01979,0.045671083
0.0198,0.065208435
0.01981,0.083486937
0.01982,0.099751279
0.01983,0.114152528
0.01984,0.126589969
0.01985,0.136207581
0.01986,0.142098993
0.01987,0.145372003
0.01988,0.14572449
0.01989,0.141847223
0.0199,0.135603338
0.01991,0.127748102
0.01992,0.117576599
0.01993,0.105239868
0.01994,0.090335086
0.01995,0.074826047
0.01996,0.060827635
0.01997,0.048289489
0.01998,0.036154173
0.01999,0.025126647
0.02,0.017120361
0.02001,0.012789917
0.02002,0.012739563
0.02003,0.017321777
0.02004,0.025932312
0.02005,0.038621522
0.02006,0.05508728
0.02007,0.075480655
0.02008,0.098844908
0.02009,0.12538147
0.0201,0.153781131
0.02011,0.182130426
0.02012,0.209623724
0.02013,0.236814886
0.02014,0.261035144
0.02015,0.280270398
0.02016,0.295225531
0.02017,0.305397034
0.02018,0.310029596
0.02019,0.308670044
0.0202,0.298599243
0.02021,0.281277478
0.02022,0.259474188
0.02023,0.234045416
0.02024,0.204840094
0.02025,0.169541925
0.02026,0.129107669
0.02027,0.086911008
0.02028,0.044865418
0.02029,0.00302124
0.0203,-0.038722228
0.02031,-0.080918886
0.02032,-0.122813419
0.02033,-0.162391663
0.02034,-0.199200436
0.02035,-0.233592227
0.02036,-0.265365601
0.02037,-0.294369519
0.02038,-0.321459949
0.02039,-0.345227063
0.0204,-0.365419
0.02041,-0.381784052
0.02042,-0.39276123
0.02043,-0.398753345
0.02044,-0.401371777
0.02045,-0.398551941
0.02046,-0.389891058
0.02047,-0.374684155
0.02048,-0.352326959
0.02049,-0.323625177
0.0205,-0.28993836
0.02051,-0.250410467
0.02052,-0.205897525
0.02053,-0.15650025
0.02054,-0.103729248
0.02055,-0.049195863
0.02056,0.005690002
0.02057,0.060424805
0.02058,0.112289429
0.02059,0.160830691
0.0206,0.204336554
0.02061,0.242202759
0.02062,0.274227917
0.02063,0.298951715
0.02064,0.317129523
0.02065,0.327250659
0.02066,0.329566956
0.02067,0.324732959
0.02068,0.315165699
0.02069,0.302426159
0.0207,0.284500122
0.02071,0.262142956
0.02072,0.236412048
0.02073,0.211335748
0.02074,0.186813354
0.02075,0.164154053
0.02076,0.14169617
0.02077,0.11999359
0.02078,0.101060487
0.02079,0.085098267
0.0208,0.071502686
0.02081,0.060978699
0.02082,0.053576659
0.02083,0.047886658
0.02084,0.043354798
0.02085,0.040132143
0.02086,0.038571168
0.02087,0.037966918
0.02088,0.038470458
0.02089,0.039225768
0.0209,0.039175414
0.02091,0.039326478
0.02092,0.039628603
0.02093,0.039729308
0.02094,0.038973998
0.02095,0.038067628
0.02096,0.036859132
0.02097,0.035096742
0.02098,0.031723022
0.02099,0.027241517
0.021,0.021400452
0.02101,0.015509034
0.02102,0.008560181
0.02103,-5.04E-05
0.02104,-0.011178588
0.02105,-0.024572754
0.02106,-0.039125063
0.02107,-0.054180909
0.02108,-0.069992065
0.02109,-0.087968446
0.0211,-0.108261108
0.02111,-0.130064398
0.02112,-0.150608823
0.02113,-0.170397952
0.02114,-0.190589905
0.02115,-0.211134344
0.02116,-0.22946319
0.02117,-0.245727539
0.02118,-0.260128796
0.02119,-0.272515863
0.0212,-0.282536328
0.02121,-0.288226306
0.02122,-0.289132684
0.02123,-0.286715686
0.02124,-0.28162995
0.02125,-0.272918701
0.02126,-0.259725958
0.02127,-0.242353827
0.02128,-0.221205145
0.02129,-0.198243707
0.0213,-0.175030515
0.02131,-0.150357053
0.02132,-0.123568729
0.02133,-0.096276857
0.02134,-0.069085695
0.02135,-0.043959044
0.02136,-0.021652222
0.02137,-0.001913452
0.02138,0.015962219
0.02139,0.03031311
0.0214,0.040837098
0.02141,0.047836304
0.02142,0.051411439
0.02143,0.051159669
0.02144,0.046577454
0.02145,0.038369752
0.02146,0.028953552
0.02147,0.018026734
0.02148,0.004985047
0.02149,-0.009919738
0.0215,-0.026133727
0.02151,-0.040585328
0.02152,-0.052871704
0.02153,-0.063395694
0.02154,-0.073315427
0.02155,-0.080062866
0.02156,-0.083738707
0.02157,-0.083033755
0.02158,-0.080465697
0.02159,-0.075027466
0.0216,-0.065510556
0.02161,-0.052267455
0.02162,-0.036708068
0.02163,-0.020292664
0.02164,-0.003323364
0.02165,0.015005494
0.02166,0.036103822
0.02167,0.05760498
0.02168,0.076588437
0.02169,0.091946408
0.0217,0.106196597
0.02171,0.119439699
0.02172,0.130718991
0.02173,0.138523862
0.02174,0.1414444
0.02175,0.14018555
0.02176,0.136711121
0.02177,0.130517572
0.02178,0.12049713
0.02179,0.107455447
0.0218,0.092651367
0.02181,0.077192686
0.02182,0.060223389
0.02183,0.042347718
0.02184,0.025982667
0.02185,0.011732483
0.02186,0.000906372
0.02187,-0.006243897
0.02188,-0.009416198
0.02189,-0.009013367
0.0219,-0.00352478
0.02191,0.007402039
0.02192,0.0245224
0.02193,0.046174623
0.02194,0.071905516
0.02195,0.100154117
0.02196,0.131272882
0.02197,0.163247675
0.02198,0.195726007
0.02199,0.227348328
0.022,0.257258594
0.02201,0.28238526
0.02202,0.302325428
0.02203,0.317230225
0.02204,0.327502429
0.02205,0.332839966
0.02206,0.330976874
0.02207,0.321258545
0.02208,0.304994196
0.02209,0.285003662
0.0221,0.260733038
0.02211,0.23223266
0.02212,0.199653625
0.02213,0.163046271
0.02214,0.125230402
0.02215,0.087062076
0.02216,0.048591614
0.02217,0.007603454
0.02218,-0.034945678
0.02219,-0.076336667
0.0222,-0.115461729
0.02221,-0.15448609
0.02222,-0.193913266
0.02223,-0.233894348
0.02224,-0.272566229
0.02225,-0.307662964
0.02226,-0.33883208
0.02227,-0.367382824
0.02228,-0.393717945
0.02229,-0.416276544
0.0223,-0.432540894
0.02231,-0.439338684
0.02232,-0.437324524
0.02233,-0.429771423
0.02234,-0.416477978
0.02235,-0.394876093
0.02236,-0.363203436
0.02237,-0.321611017
0.02238,-0.274026483
0.02239,-0.224024966
0.0224,-0.170549005
0.02241,-0.112440489
0.02242,-0.051612854
0.02243,0.007905578
0.02244,0.064050294
0.02245,0.114454649
0.02246,0.161686704
0.02247,0.205091864
0.02248,0.241296381
0.02249,0.268588245
0.0225,0.286967456
0.02251,0.299404919
0.02252,0.306555182
0.02253,0.308569342
0.02254,0.303080738
0.02255,0.291247547
0.02256,0.275738537
0.02257,0.260028064
0.02258,0.242706299
0.02259,0.223571777
0.0226,0.202624515
0.02261,0.180519104
0.02262,0.160125732
0.02263,0.142501831
0.02264,0.12664032
0.02265,0.111685179
0.02266,0.097334288
0.02267,0.082177736
0.02268,0.069689944
0.02269,0.061431885
0.0227,0.054986574
0.02271,0.048289489
0.02272,0.041088868
0.02273,0.034542847
0.02274,0.031622313
0.02275,0.032478333
0.02276,0.033686828
0.02277,0.033888243
0.02278,0.034140013
0.02279,0.036758423
0.0228,0.042045593
0.02281,0.047937013
0.02282,0.053022765
0.02283,0.056446839
0.02284,0.058662415
0.02285,0.061431885
0.02286,0.064201355
0.02287,0.064201355
0.02288,0.06012268
0.02289,0.052619934
0.0229,0.043405153
0.02291,0.032579042
0.02292,0.018731689
0.02293,0.001409912
0.02294,-0.019688416
0.02295,-0.043103028
0.02296,-0.067474365
0.02297,-0.091744997
0.02298,-0.116418459
0.02299,-0.142854303
0.023,-0.171052545
0.02301,-0.196733087
0.02302,-0.219744876
0.02303,-0.239785761
0.02304,-0.257711798
0.02305,-0.272918701
0.02306,-0.285708606
0.02307,-0.293815613
0.02308,-0.297642529
0.02309,-0.298448175
0.0231,-0.295225531
0.02311,-0.287269592
0.02312,-0.276191711
0.02313,-0.26259613
0.02314,-0.245979309
0.02315,-0.226089478
0.02316,-0.203631595
0.02317,-0.179612726
0.02318,-0.155039981
0.02319,-0.130064398
0.0232,-0.105491638
0.02321,-0.080918886
0.02322,-0.05684967
0.02323,-0.034240723
0.02324,-0.014350891
0.02325,0.004179382
0.02326,0.019638062
0.02327,0.031823732
0.02328,0.040786743
0.02329,0.046174623
0.0233,0.048944093
0.02331,0.049497984
0.02332,0.045822144
0.02333,0.038621522
0.02334,0.028852845
0.02335,0.018328857
0.02336,0.007301331
0.02337,-0.005841064
0.02338,-0.020141602
0.02339,-0.034693908
0.0234,-0.047433473
0.02341,-0.0591156
0.02342,-0.068733215
0.02343,-0.075682066
0.02344,-0.078955077
0.02345,-0.079710387
0.02346,-0.077192686
0.02347,-0.071704105
0.02348,-0.061935425
0.02349,-0.048440553
0.0235,-0.032629393
0.02351,-0.015559387
0.02352,0.003172302
0.02353,0.024623107
0.02354,0.046627808
0.02355,0.068682864
0.02356,0.089025877
0.02357,0.107656859
0.02358,0.123417661
0.02359,0.13565369
0.0236,0.143408209
0.02361,0.147134393
0.02362,0.146580502
0.02363,0.140991211
0.02364,0.131776422
0.02365,0.11797943
0.02366,0.100556947
0.02367,0.080113217
0.02368,0.058712769
0.02369,0.037564088
0.0237,0.018328857
0.02371,-0.000453186
0.02372,-0.017573547
0.02373,-0.029759217
0.02374,-0.034089662
0.02375,-0.031269837
0.02376,-0.023062134
0.02377,-0.011279297
0.02378,0.006646729
0.02379,0.031571962
0.0238,0.062590025
0.02381,0.097434998
0.02382,0.132733151
0.02383,0.167275995
0.02384,0.201315314
0.02385,0.235153198
0.02386,0.266674817
0.02387,0.293614209
0.02388,0.311892688
0.02389,0.323977649
0.0239,0.332135022
0.02391,0.334904492
0.02392,0.33052367
0.02393,0.318388373
0.02394,0.301217645
0.02395,0.28162995
0.02396,0.26007843
0.02397,0.235052496
0.02398,0.206098944
0.02399,0.175433353
0.024,0.145069882
0.02401,0.115159608
0.02402,0.085047916
0.02403,0.053324889
0.02404,0.019738769
0.02405,-0.014653015
0.02406,-0.048994444
0.02407,-0.084191896
0.02408,-0.11989288
0.02409,-0.158312991
0.0241,-0.198646545
0.02411,-0.239433289
0.02412,-0.278306574
0.02413,-0.314712524
0.02414,-0.349205017
0.02415,-0.381280512
0.02416,-0.408169568
0.02417,-0.426800549
0.02418,-0.438079834
0.02419,-0.441755682
0.0242,-0.436720282
0.02421,-0.422218323
0.02422,-0.398551941
0.02423,-0.366476446
0.02424,-0.326797485
0.02425,-0.280522168
0.02426,-0.22820434
0.02427,-0.172412112
0.02428,-0.115663148
0.02429,-0.059014894
0.0243,-0.002215576
0.02431,0.051864624
0.02432,0.100204468
0.02433,0.142904669
0.02434,0.180166632
0.02435,0.211537167
0.02436,0.235556036
0.02437,0.252726734
0.02438,0.262495428
0.02439,0.266624451
0.0244,0.266674817
0.02441,0.26184082
0.02442,0.2527771
0.02443,0.24099426
0.02444,0.227348328
0.02445,0.213299558
0.02446,0.199099734
0.02447,0.184295654
0.02448,0.168836981
0.02449,0.153831482
0.0245,0.140084833
0.02451,0.127244562
0.02452,0.114555359
0.02453,0.102520749
0.02454,0.091744997
0.02455,0.083688356
0.02456,0.076437376
0.02457,0.069337465
0.02458,0.063244626
0.02459,0.059014894
0.0246,0.056295775
0.02461,0.055238344
0.02462,0.055490114
0.02463,0.055741884
0.02464,0.05684967
0.02465,0.059518434
0.02466,0.064050294
0.02467,0.068733215
0.02468,0.072509766
0.02469,0.075682066
0.0247,0.079156496
0.02471,0.082278445
0.02472,0.083990477
0.02473,0.083789065
0.02474,0.082479857
0.02475,0.078350827
0.02476,0.071150206
0.02477,0.06087799
0.02478,0.047634888
0.02479,0.032931518
0.0248,0.015206909
0.02481,-0.00629425
0.02482,-0.030514527
0.02483,-0.055641174
0.02484,-0.080969237
0.02485,-0.106549069
0.02486,-0.134344488
0.02487,-0.163700864
0.02488,-0.191294864
0.02489,-0.216471866
0.0249,-0.238526911
0.02491,-0.260028064
0.02492,-0.280270398
0.02493,-0.297743231
0.02494,-0.309526056
0.02495,-0.315618902
0.02496,-0.318035901
0.02497,-0.318287671
0.02498,-0.315719604
0.02499,-0.307411194
0.025,-0.293412775
0.02501,-0.275335699
0.02502,-0.255949408
0.02503,-0.23475036
0.02504,-0.210832208
0.02505,-0.184446722
0.02506,-0.156550601
0.02507,-0.127999872
0.02508,-0.100959778
0.02509,-0.075782776
0.0251,-0.051310729
0.02511,-0.028701782
0.02512,-0.008006287
0.02513,0.010523987
0.02514,0.025680542
0.02515,0.035700988
0.02516,0.042398073
0.02517,0.046627808
0.02518,0.048490904
0.02519,0.047433473
0.0252,0.041542053
0.02521,0.031269837
0.02522,0.019537354
0.02523,0.008207703
0.02524,-0.00428009
0.02525,-0.018328857
0.02526,-0.034643553
0.02527,-0.051058959
0.02528,-0.063546754
0.02529,-0.072257996
0.0253,-0.079911806
0.02531,-0.087062076
0.02532,-0.091291808
0.02533,-0.089176938
0.02534,-0.080868527
0.02535,-0.069186404
0.02536,-0.056245424
0.02537,-0.040484618
0.02538,-0.020343017
0.02539,0.004229737
0.0254,0.028701782
0.02541,0.050958253
0.02542,0.072509766
0.02543,0.093457028
0.02544,0.111987308
0.02545,0.125834659
0.02546,0.134294122
0.02547,0.136862189
0.02548,0.135150149
0.02549,0.129460141
0.0255,0.117929079
0.02551,0.101564027
0.02552,0.082832336
0.02553,0.06188507
0.02554,0.039578248
0.02555,0.016969299
0.02556,-0.003977966
0.02557,-0.020645142
0.02558,-0.033032227
0.02559,-0.041542053
0.0256,-0.045318604
0.02561,-0.042146303
0.02562,-0.032125853
0.02563,-0.016365051
0.02564,0.003927612
0.02565,0.027845765
0.02566,0.054583739
0.02567,0.084040835
0.02568,0.115411378
0.02569,0.145925909
0.0257,0.174124151
0.02571,0.200459287
0.02572,0.225585938
0.02573,0.246885687
0.02574,0.264509588
0.02575,0.278205872
0.02576,0.288327038
0.02577,0.294369519
0.02578,0.297038257
0.02579,0.296786487
0.0258,0.293765247
0.02581,0.288729846
0.02582,0.280924976
0.02583,0.270098865
0.02584,0.25680542
0.02585,0.241145328
0.02586,0.222463995
0.02587,0.200811774
0.02588,0.175685123
0.02589,0.147386163
0.0259,0.115008548
0.02591,0.078854367
0.02592,0.039024353
0.02593,-0.003071594
0.02594,-0.048641969
0.02595,-0.097334288
0.02596,-0.146932989
0.02597,-0.196682736
0.02598,-0.245375067
0.02599,-0.291801453
0.026,-0.3353073
0.02601,-0.373928845
0.02602,-0.404695123
0.02603,-0.427555859
0.02604,-0.44366914
0.02605,-0.452330023
0.02606,-0.452632129
0.02607,-0.442359924
0.02608,-0.422319025
0.02609,-0.395077527
0.0261,-0.362750232
0.02611,-0.324028015
0.02612,-0.279212952
0.02613,-0.22845611
0.02614,-0.175584406
0.02615,-0.122662351
0.02616,-0.070445254
0.02617,-0.019335937
0.02618,0.029154968
0.02619,0.075480655
0.0262,0.117425539
0.02621,0.15347901
0.02622,0.183137506
0.02623,0.206350714
0.02624,0.224830627
0.02625,0.239785761
0.02626,0.249201968
0.02627,0.250964344
0.02628,0.246835321
0.02629,0.238929749
0.0263,0.229010016
0.02631,0.217629999
0.02632,0.203581244
0.02633,0.185957342
0.02634,0.167275995
0.02635,0.150860593
0.02636,0.136610419
0.02637,0.122561648
0.02638,0.107707217
0.02639,0.093708798
0.0264,0.083486937
0.02641,0.077091977
0.02642,0.072358705
0.02643,0.068229675
0.02644,0.064352416
0.02645,0.06223755
0.02646,0.063143924
0.02647,0.065611266
0.02648,0.068380736
0.02649,0.069941714
0.0265,0.070948794
0.02651,0.073114015
0.02652,0.077343747
0.02653,0.081925966
0.02654,0.085198976
0.02655,0.086759947
0.02656,0.088169858
0.02657,0.091040038
0.02658,0.093960568
0.02659,0.095773317
0.0266,0.095420837
0.02661,0.093054198
0.02662,0.088975526
0.02663,0.084292606
0.02664,0.078300476
0.02665,0.069085695
0.02666,0.057000734
0.02667,0.042095948
0.02668,0.023263549
0.02669,0.001661682
0.0267,-0.022155762
0.02671,-0.049246214
0.02672,-0.079962157
0.02673,-0.113145448
0.02674,-0.147285461
0.02675,-0.180368036
0.02676,-0.212644964
0.02677,-0.244065851
0.02678,-0.274530023
0.02679,-0.301116943
0.0268,-0.322064221
0.02681,-0.337724298
0.02682,-0.349406421
0.02683,-0.356153876
0.02684,-0.35559997
0.02685,-0.347543329
0.02686,-0.334350586
0.02687,-0.316575617
0.02688,-0.295124829
0.02689,-0.269293219
0.0269,-0.2389801
0.02691,-0.206501767
0.02692,-0.173973083
0.02693,-0.142250061
0.02694,-0.11158447
0.02695,-0.081069946
0.02696,-0.052418519
0.02697,-0.027140807
0.02698,-0.006445312
0.02699,0.011480713
0.027,0.02628479
0.02701,0.037715148
0.02702,0.043656923
0.02703,0.045318604
0.02704,0.044512939
0.02705,0.041793823
0.02706,0.036053468
0.02707,0.027493287
0.02708,0.016667176
0.02709,0.005085754
0.0271,-0.007099914
0.02711,-0.019084167
0.02712,-0.031370543
0.02713,-0.043908693
0.02714,-0.05634613
0.02715,-0.066769406
0.02716,-0.074272156
0.02717,-0.078300476
0.02718,-0.078753665
0.02719,-0.076739505
0.0272,-0.072358705
0.02721,-0.064805605
0.02722,-0.051763915
0.02723,-0.035398863
0.02724,-0.017321777
0.02725,0.001309204
0.02726,0.021853637
0.02727,0.043405153
0.02728,0.063899234
0.02729,0.082530215
0.0273,0.099549867
0.02731,0.112944029
0.02732,0.121453859
0.02733,0.124575809
0.02734,0.122813419
0.02735,0.117173769
0.02736,0.107455447
0.02737,0.094564818
0.02738,0.077998355
0.02739,0.058964539
0.0274,0.039376833
0.02741,0.020846557
0.02742,0.00327301
0.02743,-0.011732483
0.02744,-0.023263549
0.02745,-0.031320192
0.02746,-0.034240723
0.02747,-0.031974792
0.02748,-0.024673462
0.02749,-0.012487793
0.0275,0.004380798
0.02751,0.024975587
0.02752,0.048037719
0.02753,0.073768616
0.02754,0.100355528
0.02755,0.126489252
0.02756,0.152069092
0.02757,0.177497864
0.02758,0.200811774
0.02759,0.222312927
0.0276,0.24124603
0.02761,0.257107556
0.02762,0.270652771
0.02763,0.28314057
0.02764,0.292909235
0.02765,0.300059497
0.02766,0.30418855
0.02767,0.304641724
0.02768,0.304087818
0.02769,0.302124023
0.0277,0.296232611
0.02771,0.285708606
0.02772,0.271609485
0.02773,0.253431708
0.02774,0.23047027
0.02775,0.202926636
0.02776,0.171606451
0.02777,0.135804743
0.02778,0.095521547
0.02779,0.050505064
0.0278,0.002568054
0.02781,-0.046073914
0.02782,-0.096276857
0.02783,-0.14622803
0.02784,-0.195977777
0.02785,-0.24426727
0.02786,-0.289384454
0.02787,-0.32926482
0.02788,-0.36365661
0.02789,-0.39074707
0.0279,-0.411090076
0.02791,-0.424987793
0.02792,-0.431433111
0.02793,-0.428965747
0.02794,-0.417434692
0.02795,-0.398551941
0.02796,-0.373324573
0.02797,-0.343212903
0.02798,-0.306907654
0.02799,-0.264710993
0.028,-0.219090268
0.02801,-0.172865301
0.02802,-0.125079349
0.02803,-0.076336667
0.02804,-0.027241517
0.02805,0.019839477
0.02806,0.062690735
0.02807,0.101564027
0.02808,0.135754392
0.02809,0.166017145
0.0281,0.192100525
0.02811,0.212292477
0.02812,0.225485235
0.02813,0.232434079
0.02814,0.233692929
0.02815,0.231829837
0.02816,0.22669372
0.02817,0.217327878
0.02818,0.202976987
0.02819,0.184698492
0.0282,0.167477414
0.02821,0.151515201
0.02822,0.135855108
0.02823,0.119842529
0.02824,0.103779599
0.02825,0.089479066
0.02826,0.079811096
0.02827,0.073063657
0.02828,0.068682864
0.02829,0.065208435
0.0283,0.063043214
0.02831,0.063697815
0.02832,0.067071535
0.02833,0.071452335
0.02834,0.076739505
0.02835,0.082630917
0.02836,0.087615967
0.02837,0.093406677
0.02838,0.099197388
0.02839,0.104434207
0.0284,0.108512878
0.02841,0.112440489
0.02842,0.116015628
0.02843,0.119187929
0.02844,0.12175598
0.02845,0.124223329
0.02846,0.124827579
0.02847,0.123669431
0.02848,0.122712709
0.02849,0.12089996
0.0285,0.116317749
0.02851,0.109217837
0.02852,0.098391727
0.02853,0.085148618
0.02854,0.070596315
0.02855,0.053324889
0.02856,0.030363465
0.02857,0.002618408
0.02858,-0.027996827
0.02859,-0.060173035
0.0286,-0.093859866
0.02861,-0.129762262
0.02862,-0.168333441
0.02863,-0.205444336
0.02864,-0.240037531
0.02865,-0.272062689
0.02866,-0.300059497
0.02867,-0.324984729
0.02868,-0.345025629
0.02869,-0.358419806
0.0287,-0.364562988
0.02871,-0.36441192
0.02872,-0.35937652
0.02873,-0.349557489
0.02874,-0.332688898
0.02875,-0.309123218
0.02876,-0.281025708
0.02877,-0.251367182
0.02878,-0.221507266
0.02879,-0.190036014
0.0288,-0.157054141
0.02881,-0.122813419
0.02882,-0.090335086
0.02883,-0.062590025
0.02884,-0.039024353
0.02885,-0.017926026
0.02886,0.001863098
0.02887,0.018479919
0.02888,0.030363465
0.02889,0.036456298
0.0289,0.039376833
0.02891,0.040484618
0.02892,0.039628603
0.02893,0.035197448
0.02894,0.027745057
0.02895,0.017774964
0.02896,0.007653809
0.02897,-0.003625488
0.02898,-0.015811156
0.02899,-0.029104615
0.029,-0.041944884
0.02901,-0.052468874
0.02902,-0.06112976
0.02903,-0.067172244
0.02904,-0.071150206
0.02905,-0.072358705
0.02906,-0.069589235
0.02907,-0.06238861
0.02908,-0.052720644
0.02909,-0.040484618
0.0291,-0.02527771
0.02911,-0.008308411
0.02912,0.009919738
0.02913,0.028198242
0.02914,0.046426393
0.02915,0.063597105
0.02916,0.078652956
0.02917,0.089025877
0.02918,0.095773317
0.02919,0.100405887
0.0292,0.101010129
0.02921,0.097183228
0.02922,0.088371277
0.02923,0.076789856
0.02924,0.062791444
0.02925,0.047232054
0.02926,0.029759217
0.02927,0.012286377
0.02928,-0.003373718
0.02929,-0.016365051
0.0293,-0.027392577
0.02931,-0.035700988
0.02932,-0.039326478
0.02933,-0.037413023
0.02934,-0.030212402
0.02935,-0.019235229
0.02936,-0.00579071
0.02937,0.010876465
0.02938,0.031269837
0.02939,0.054634094
0.0294,0.080113217
0.02941,0.105844118
0.02942,0.129762262
0.02943,0.153176874
0.02944,0.176994324
0.02945,0.200811774
0.02946,0.223118588
0.02947,0.24200134
0.02948,0.258215338
0.02949,0.273019403
0.0295,0.286312878
0.02951,0.297894299
0.02952,0.306555182
0.02953,0.311137378
0.02954,0.312950134
0.02955,0.313302606
0.02956,0.310583502
0.02957,0.304389954
0.02958,0.293916315
0.02959,0.27810517
0.0296,0.259121716
0.02961,0.237721249
0.02962,0.211134344
0.02963,0.179260254
0.02964,0.143408209
0.02965,0.103578188
0.02966,0.061180115
0.02967,0.016868591
0.02968,-0.030010987
0.02969,-0.078250125
0.0297,-0.127546698
0.02971,-0.176541135
0.02972,-0.223219305
0.02973,-0.265919507
0.02974,-0.30444032
0.02975,-0.33883208
0.02976,-0.369396985
0.02977,-0.393214405
0.02978,-0.4080185
0.02979,-0.415621936
0.0298,-0.415722668
0.02981,-0.408874512
0.02982,-0.395228565
0.02983,-0.373274237
0.02984,-0.344371021
0.02985,-0.30997926
0.02986,-0.271810919
0.02987,-0.229614258
0.02988,-0.184446722
0.02989,-0.136711121
0.0299,-0.088421628
0.02991,-0.042599488
0.02992,0.000352478
0.02993,0.041239928
0.02994,0.080113217
0.02995,0.113648988
0.02996,0.141796872
0.02997,0.163650513
0.02998,0.180468753
0.02999,0.192452997
0.03,0.199351504
